folder | number of videofiles | size of folder | date
F:\Developement\Repos\CS2QuickSetup\CS2 | 0 | 0.00 GB | 2024-01-04 13:32:21
F:\Developement\Repos\CS2QuickSetup\CS2 | 0 | 0.00 GB | 2024-01-04 13:32:21
F:\Developement\Repos\CS2QuickSetup\csgo | 0 | 0.00 GB | 2024-01-04 13:32:21
F:\Developement\Repos\CS2QuickSetup\csgo | 0 | 0.00 GB | 2024-01-04 13:32:21
F:\Developement\Repos\CS2QuickSetup\csgo\cfg | 0 | 0.00 GB | 2024-01-04 13:32:21
F:\Developement\Repos\CS2QuickSetup\csgo\cfg | 0 | 0.00 GB | 2024-01-04 13:32:21
F:\Developement\Repos\CS2QuickSetup\CS2 | 0 | 0.00 GB | 2024-01-04 13:33:05
F:\Developement\Repos\CS2QuickSetup\CS2 | 0 | 0.00 GB | 2024-01-04 13:33:05
F:\Developement\Repos\CS2QuickSetup\csgo | 0 | 0.00 GB | 2024-01-04 13:33:05
F:\Developement\Repos\CS2QuickSetup\csgo | 0 | 0.00 GB | 2024-01-04 13:33:05
F:\Developement\Repos\CS2QuickSetup\csgo\cfg | 0 | 0.00 GB | 2024-01-04 13:33:05
F:\Developement\Repos\CS2QuickSetup\csgo\cfg | 0 | 0.00 GB | 2024-01-04 13:33:05
F:\Developement\Repos\CS2QuickSetup\CS2 | 0 | 0.00 GB | 2024-01-04 13:33:06
F:\Developement\Repos\CS2QuickSetup\CS2 | 0 | 0.00 GB | 2024-01-04 13:33:06
F:\Developement\Repos\CS2QuickSetup\csgo | 0 | 0.00 GB | 2024-01-04 13:33:06
F:\Developement\Repos\CS2QuickSetup\csgo | 0 | 0.00 GB | 2024-01-04 13:33:06
F:\Developement\Repos\CS2QuickSetup\csgo\cfg | 0 | 0.00 GB | 2024-01-04 13:33:06
F:\Developement\Repos\CS2QuickSetup\csgo\cfg | 0 | 0.00 GB | 2024-01-04 13:33:06
 | 0 | 0.00 GB | 2024-01-04 13:38:16
 | 0 | 0.00 GB | 2024-01-04 13:38:16
 | 0 | 0.00 GB | 2024-01-04 13:38:16
 | 0 | 0.00 GB | 2024-01-04 13:38:16
 | 0 | 0.00 GB | 2024-01-04 13:38:16
 | 0 | 0.00 GB | 2024-01-04 13:38:16
 | 0 | 0.00 GB | 2024-01-04 13:38:22
 | 0 | 0.00 GB | 2024-01-04 13:38:22
 | 0 | 0.00 GB | 2024-01-04 13:38:22
 | 0 | 0.00 GB | 2024-01-04 13:38:22
 | 0 | 0.00 GB | 2024-01-04 13:38:22
 | 0 | 0.00 GB | 2024-01-04 13:38:22
CS2 | 0 | 0.00 GB | 2024-01-04 13:39:13
CS2 | 0 | 0.00 GB | 2024-01-04 13:39:13
csgo | 0 | 0.00 GB | 2024-01-04 13:39:13
csgo | 0 | 0.00 GB | 2024-01-04 13:39:13
csgo\cfg | 0 | 0.00 GB | 2024-01-04 13:39:13
csgo\cfg | 0 | 0.00 GB | 2024-01-04 13:39:13
